{
    "mean": 0.03604098976162643,
    "std_dev": 0.1129258400835925,
    "max": 9256.0,
    "min": -6188.0,
    "file_name": "setup.wav"
}